review_date,review_year,review_month,review_month_name,review_quarter,year_month
1999-12-06,1999,12,Dec,Q4,1999-12
2000-01-19,2000,1,Jan,Q1,2000-01
2000-02-26,2000,2,Feb,Q1,2000-02
2000-06-29,2000,6,Jun,Q2,2000-06
2000-08-09,2000,8,Aug,Q3,2000-08
2000-10-03,2000,10,Oct,Q4,2000-10
2001-09-24,2001,9,Sep,Q3,2001-09
2001-10-26,2001,10,Oct,Q4,2001-10
2002-05-01,2002,5,May,Q2,2002-05
2002-06-05,2002,6,Jun,Q2,2002-06
2002-07-03,2002,7,Jul,Q3,2002-07
2002-10-31,2002,10,Oct,Q4,2002-10
2002-11-07,2002,11,Nov,Q4,2002-11
2003-02-24,2003,2,Feb,Q1,2003-02
2003-05-07,2003,5,May,Q2,2003-05
2003-07-02,2003,7,Jul,Q3,2003-07
2003-10-11,2003,10,Oct,Q4,2003-10
2003-11-04,2003,11,Nov,Q4,2003-11
2003-12-02,2003,12,Dec,Q4,2003-12
2004-01-12,2004,1,Jan,Q1,2004-01
2004-02-15,2004,2,Feb,Q1,2004-02
2004-03-30,2004,3,Mar,Q1,2004-03
2004-04-08,2004,4,Apr,Q2,2004-04
2004-05-16,2004,5,May,Q2,2004-05
2004-06-23,2004,6,Jun,Q2,2004-06
2004-07-21,2004,7,Jul,Q3,2004-07
2004-08-19,2004,8,Aug,Q3,2004-08
2004-09-03,2004,9,Sep,Q3,2004-09
2004-10-20,2004,10,Oct,Q4,2004-10
2004-11-22,2004,11,Nov,Q4,2004-11
2004-12-09,2004,12,Dec,Q4,2004-12
2005-01-30,2005,1,Jan,Q1,2005-01
2005-02-16,2005,2,Feb,Q1,2005-02
2005-03-09,2005,3,Mar,Q1,2005-03
2005-04-21,2005,4,Apr,Q2,2005-04
2005-05-02,2005,5,May,Q2,2005-05
2005-06-14,2005,6,Jun,Q2,2005-06
2005-07-07,2005,7,Jul,Q3,2005-07
2005-08-10,2005,8,Aug,Q3,2005-08
2005-09-10,2005,9,Sep,Q3,2005-09
2005-10-13,2005,10,Oct,Q4,2005-10
2005-11-26,2005,11,Nov,Q4,2005-11
2005-12-21,2005,12,Dec,Q4,2005-12
2006-01-05,2006,1,Jan,Q1,2006-01
2006-02-06,2006,2,Feb,Q1,2006-02
2006-03-25,2006,3,Mar,Q1,2006-03
2006-04-25,2006,4,Apr,Q2,2006-04
2006-05-24,2006,5,May,Q2,2006-05
2006-06-26,2006,6,Jun,Q2,2006-06
2006-07-02,2006,7,Jul,Q3,2006-07
2006-08-20,2006,8,Aug,Q3,2006-08
2006-09-14,2006,9,Sep,Q3,2006-09
2006-10-12,2006,10,Oct,Q4,2006-10
2006-11-09,2006,11,Nov,Q4,2006-11
2006-12-15,2006,12,Dec,Q4,2006-12
2007-01-19,2007,1,Jan,Q1,2007-01
2007-02-10,2007,2,Feb,Q1,2007-02
2007-03-08,2007,3,Mar,Q1,2007-03
2007-04-02,2007,4,Apr,Q2,2007-04
2007-05-28,2007,5,May,Q2,2007-05
2007-06-10,2007,6,Jun,Q2,2007-06
2007-07-29,2007,7,Jul,Q3,2007-07
2007-08-15,2007,8,Aug,Q3,2007-08
2007-09-05,2007,9,Sep,Q3,2007-09
2007-10-29,2007,10,Oct,Q4,2007-10
2007-11-03,2007,11,Nov,Q4,2007-11
2007-12-10,2007,12,Dec,Q4,2007-12
2008-01-15,2008,1,Jan,Q1,2008-01
2008-02-20,2008,2,Feb,Q1,2008-02
2008-03-05,2008,3,Mar,Q1,2008-03
2008-04-01,2008,4,Apr,Q2,2008-04
2008-05-26,2008,5,May,Q2,2008-05
2008-06-14,2008,6,Jun,Q2,2008-06
2008-07-29,2008,7,Jul,Q3,2008-07
2008-08-15,2008,8,Aug,Q3,2008-08
2008-09-02,2008,9,Sep,Q3,2008-09
2008-10-15,2008,10,Oct,Q4,2008-10
2008-11-15,2008,11,Nov,Q4,2008-11
2008-12-12,2008,12,Dec,Q4,2008-12
2009-01-15,2009,1,Jan,Q1,2009-01
2009-02-16,2009,2,Feb,Q1,2009-02
2009-03-08,2009,3,Mar,Q1,2009-03
2009-04-11,2009,4,Apr,Q2,2009-04
2009-05-18,2009,5,May,Q2,2009-05
2009-06-07,2009,6,Jun,Q2,2009-06
2009-07-26,2009,7,Jul,Q3,2009-07
2009-08-23,2009,8,Aug,Q3,2009-08
2009-09-19,2009,9,Sep,Q3,2009-09
2009-10-01,2009,10,Oct,Q4,2009-10
2009-11-05,2009,11,Nov,Q4,2009-11
2009-12-28,2009,12,Dec,Q4,2009-12
2010-01-19,2010,1,Jan,Q1,2010-01
2010-02-28,2010,2,Feb,Q1,2010-02
2010-03-10,2010,3,Mar,Q1,2010-03
2010-04-02,2010,4,Apr,Q2,2010-04
2010-05-02,2010,5,May,Q2,2010-05
2010-06-03,2010,6,Jun,Q2,2010-06
2010-07-02,2010,7,Jul,Q3,2010-07
2010-08-19,2010,8,Aug,Q3,2010-08
2010-09-01,2010,9,Sep,Q3,2010-09
2010-10-20,2010,10,Oct,Q4,2010-10
2010-11-24,2010,11,Nov,Q4,2010-11
2010-12-01,2010,12,Dec,Q4,2010-12
2011-01-14,2011,1,Jan,Q1,2011-01
2011-02-22,2011,2,Feb,Q1,2011-02
2011-03-01,2011,3,Mar,Q1,2011-03
2011-04-01,2011,4,Apr,Q2,2011-04
2011-05-20,2011,5,May,Q2,2011-05
2011-06-23,2011,6,Jun,Q2,2011-06
2011-07-13,2011,7,Jul,Q3,2011-07
2011-08-09,2011,8,Aug,Q3,2011-08
2011-09-20,2011,9,Sep,Q3,2011-09
2011-10-20,2011,10,Oct,Q4,2011-10
2011-11-14,2011,11,Nov,Q4,2011-11
2011-12-03,2011,12,Dec,Q4,2011-12
2012-01-26,2012,1,Jan,Q1,2012-01
2012-02-14,2012,2,Feb,Q1,2012-02
2012-03-22,2012,3,Mar,Q1,2012-03
2012-04-25,2012,4,Apr,Q2,2012-04
2012-05-31,2012,5,May,Q2,2012-05
2012-06-24,2012,6,Jun,Q2,2012-06
2012-07-16,2012,7,Jul,Q3,2012-07
2012-08-11,2012,8,Aug,Q3,2012-08
2012-09-27,2012,9,Sep,Q3,2012-09
2012-10-17,2012,10,Oct,Q4,2012-10
